{"cameraMode":{"drawMode":0,"name":"Shaded","section":"Shading Mode"},"sceneLighting":false,"audioPlay":false,"sceneViewState":{"m_AlwaysRefresh":false,"showFog":true,"showSkybox":false,"showFlares":true,"showImageEffects":true,"showParticleSystems":true,"showVisualEffectGraphs":true,"m_FxEnabled":true},"in2DMode":false,"pivot":{"x":20.882164001464845,"y":1.8868091106414796,"z":-0.02474522590637207},"rotation":{"x":-0.1751573085784912,"y":-0.10142908245325089,"z":0.01800082065165043,"w":-0.979131817817688},"size":1.1248562335968018,"orthographic":false}