{"cameraMode":{"drawMode":0,"name":"Shaded","section":"Shading Mode"},"sceneLighting":false,"audioPlay":false,"sceneViewState":{"m_AlwaysRefresh":false,"showFog":true,"showSkybox":false,"showFlares":true,"showImageEffects":true,"showParticleSystems":true,"showVisualEffectGraphs":true,"m_FxEnabled":true},"in2DMode":false,"pivot":{"x":-0.0000680088996887207,"y":-0.005414426326751709,"z":2.999791383743286},"rotation":{"x":0.020752841606736184,"y":0.1599864661693573,"z":-0.0032321661710739137,"w":0.9868857860565186},"size":0.9031639099121094,"orthographic":false}