{"cameraMode":{"drawMode":0,"name":"Shaded","section":"Shading Mode"},"sceneLighting":false,"audioPlay":false,"sceneViewState":{"m_AlwaysRefresh":false,"showFog":true,"showSkybox":false,"showFlares":true,"showImageEffects":true,"showParticleSystems":true,"showVisualEffectGraphs":true,"m_FxEnabled":true},"in2DMode":false,"pivot":{"x":-0.22743090987205506,"y":1.5717285871505738,"z":0.9736202955245972},"rotation":{"x":-0.08539065718650818,"y":-0.7044363617897034,"z":0.08601485937833786,"w":-0.6993548274040222},"size":0.20552419126033784,"orthographic":false}