{"cameraMode":{"drawMode":0,"name":"Shaded","section":"Shading Mode"},"sceneLighting":false,"audioPlay":false,"sceneViewState":{"m_AlwaysRefresh":false,"showFog":true,"showSkybox":false,"showFlares":true,"showImageEffects":true,"showParticleSystems":true,"showVisualEffectGraphs":true,"m_FxEnabled":true},"in2DMode":false,"pivot":{"x":1.094268560409546,"y":0.8202526569366455,"z":0.13876783847808839},"rotation":{"x":0.15405936539173127,"y":-0.6965063214302063,"z":0.15730726718902589,"w":0.6829299926757813},"size":0.8660256862640381,"orthographic":false}